username,password,email,name
rhuntley0,uC5*MH,rhuntley0@dion.ne.jp,Reidar Huntley
srosenzveig1,yJ0_,srosenzveig1@businessweek.com,Sydel Rosenzveig
lcasley2,oO3<|,lcasley2@ameblo.jp,Lynnelle Casley
fmangin3,dV4}dR',fmangin3@un.org,Fleurette Mangin
ssample4,kX7~bC&S,ssample4@vk.com,Stevie Sample
rdorrian5,uC8?yP}t,rdorrian5@homestead.com,Rodie Dorrian
ngregoriou6,jP9'ZM,ngregoriou6@elegantthemes.com,Nikita Gregoriou
dabele7,mD7_)K{,dabele7@behance.net,Dot Abele
jswaden8,xE2`y,jswaden8@netvibes.com,Jemmy Swaden
krussan9,pR9+1,krussan9@mac.com,Keane Russan
rbrelsforda,nS7${X,rbrelsforda@naver.com,Rodrique Brelsford
cdanielsohnb,qV6&Z,cdanielsohnb@scribd.com,Carleen Danielsohn
jbeardwellc,uD1%qDe,jbeardwellc@va.gov,Jodie Beardwell
ijeramd,pY6+nRv!,ijeramd@odnoklassniki.ru,Iona Jeram
hmaccathaye,jD1%l,hmaccathaye@hugedomains.com,Harmon MacCathay
bhaselyf,hV7`W`y,bhaselyf@ehow.com,Berkeley Hasely
savrahmg,tP3*zGl,savrahmg@scribd.com,Sancho Avrahm
fcollynsh,fX7&!l,fcollynsh@prnewswire.com,Florrie Collyns
selliotti,xQ2%,selliotti@washingtonpost.com,Sheffield Elliott
tlarkworthyj,wV9(pG,tlarkworthyj@nhs.uk,Torrance Larkworthy
mcreggk,aH5$,mcreggk@jimdo.com,Malina Cregg
bholtawayl,"oR1""4<pz",bholtawayl@mlb.com,Bonnee Holtaway
bhaddintonm,oT4\s,bhaddintonm@imgur.com,Bernita Haddinton
htoreln,fJ7%,htoreln@intel.com,Hugh Torel
ccastiglionio,vI1%,ccastiglionio@wordpress.org,Crista Castiglioni
awapolp,uT0\!=L,awapolp@addtoany.com,Anjanette Wapol
frintoulq,cX0?qg,frintoulq@yolasite.com,Florance Rintoul
elintillr,xA9.}_,elintillr@seattletimes.com,Ethelred Lintill
mcheshirs,pO1*os\,mcheshirs@spotify.com,Malvina Cheshir
lmatteolit,kT4(Fx{O,lmatteolit@tripod.com,Lonnie Matteoli
hrieplu,bH1&8oS,hrieplu@usatoday.com,Harman Riepl
agoodleyv,bR9!r*F,agoodleyv@loc.gov,Anica Goodley
aparadisew,qB4'ecN,aparadisew@huffingtonpost.com,August Paradise
rrubertisx,bX9&~S,rrubertisx@cargocollective.com,Rozelle Rubertis
abuntainy,jN8'S,abuntainy@sourceforge.net,Adelle Buntain
jgottsz,vD1.q,jgottsz@nationalgeographic.com,Joey Gotts
rgreenside10,yZ6+EC~,rgreenside10@fc2.com,Rhodia Greenside
nivkovic11,"zA7"",&hp",nivkovic11@comcast.net,Nikolaos Ivkovic
ebodle12,oF6|U6,ebodle12@blogger.com,Edgardo Bodle
cmonson13,"wD2""""",cmonson13@marketwatch.com,Cathyleen Monson
klubomirski14,lE2$,klubomirski14@instagram.com,Karlan Lubomirski
jfrascone15,lF8/EA,jfrascone15@who.int,Janek Frascone
abubeer16,sL9?,abubeer16@storify.com,Aksel Bubeer
ptempleman17,sP3\3BR,ptempleman17@unc.edu,Phil Templeman
despasa18,oT9{,despasa18@marriott.com,Dallon Espasa
abreewood19,eE6/e(v,abreewood19@yahoo.com,Adrianna Breewood
tirdale1a,bK3>,tirdale1a@unblog.fr,Trace Irdale
acraiker1b,iP5(,acraiker1b@google.fr,Alessandro Craiker
rchishull1c,lT5\M?a,rchishull1c@discovery.com,Rouvin Chishull
jsummerscales1d,eX2+,jsummerscales1d@archive.org,Jessie Summerscales
btruscott1e,nT6+k=2X,btruscott1e@xing.com,Basilius Truscott
tmucillo1f,yJ2!Y{J3,tmucillo1f@canalblog.com,Tiffie Mucillo
hroyans1g,hC7},hroyans1g@webmd.com,Hildagard Royans
plindop1h,"qN6""OH",plindop1h@shutterfly.com,Philippine Lindop
mduetschens1i,"sE0@,*Bx",mduetschens1i@abc.net.au,Mommy Duetschens
ggregoire1j,aO9|W,ggregoire1j@ucoz.ru,Galven Gregoire
sguerrazzi1k,vE3/R,sguerrazzi1k@printfriendly.com,Shelly Guerrazzi
lvan1l,pQ6#*Ws,lvan1l@ocn.ne.jp,L;urette Van Hove
whallihan1m,mR5<i,whallihan1m@blinklist.com,Woodie Hallihan
acradey1n,fQ0&,acradey1n@ted.com,Alisander Cradey
rlabastida1o,wM1?I,rlabastida1o@chron.com,Rozella LaBastida
csegges1p,eK7&2,csegges1p@ezinearticles.com,Catherina Segges
karter1q,wM7\M#c,karter1q@va.gov,Keelby Arter
zhirsch1r,fK0|8,zhirsch1r@rediff.com,Zack Hirsch
dbatchelor1s,bO1$!,dbatchelor1s@privacy.gov.au,Damaris Batchelor
cdafforne1t,"tJ7""2",cdafforne1t@deviantart.com,Calhoun Dafforne
scaraher1u,hI9?yv,scaraher1u@unc.edu,Stanly Caraher
gfollin1v,cC4#+@C,gfollin1v@prlog.org,Gal Follin
kgregore1w,"iT7,u8tw",kgregore1w@hibu.com,Kendall Gregore
mprescote1x,iE4_i,mprescote1x@youtu.be,Merlina Prescote
rgoulborn1y,"yT8<C.,6",rgoulborn1y@wufoo.com,Ree Goulborn
etern1z,qV4+4g,etern1z@slate.com,Erin Tern
byirrell20,jL3~zQ2,byirrell20@weather.com,Benita Yirrell
bmarcq21,pL8@7,bmarcq21@apache.org,Brynn Marcq
eoakley22,tZ8/=lrA,eoakley22@noaa.gov,Eddy Oakley
aohegertie23,sI1.&w,aohegertie23@spotify.com,Aryn O'Hegertie
cbraywood24,"qZ7{,rS",cbraywood24@sfgate.com,Cyndy Braywood
kaloshkin25,uT4#P2u7,kaloshkin25@ameblo.jp,Kayne Aloshkin
tducham26,vX4~Bu{,tducham26@ted.com,Turner Ducham
fnadin27,lV6''c,fnadin27@zdnet.com,Filbert Nadin
jacreman28,lJ7_E,jacreman28@spiegel.de,Jay Acreman
wsingyard29,dW0$M_uK,wsingyard29@rediff.com,Wendie Singyard
lde2a,tG9~rwc,lde2a@fda.gov,Lenee de Vaen
scoots2b,eO4<8D,scoots2b@a8.net,Sapphira Coots
lladds2c,yU6/,lladds2c@google.fr,Lani Ladds
fgreatland2d,"sX7(,",fgreatland2d@imgur.com,Felice Greatland
hpurdey2e,pL9!h,hpurdey2e@apple.com,Hussein Purdey
bpulley2f,kL4.nN,bpulley2f@blogspot.com,Baxie Pulley
lguttridge2g,vV4&,lguttridge2g@prlog.org,Lenka Guttridge
plivesey2h,zW8(T,plivesey2h@dion.ne.jp,Pauli Livesey
bfletcher2i,zG1|FBI,bfletcher2i@cnn.com,Bord Fletcher
critchie2j,xI6.#,critchie2j@addthis.com,Coralyn Ritchie
elander2k,vP9(,elander2k@tinypic.com,Emelen Lander
jwelbeck2l,fI4>R,jwelbeck2l@npr.org,John Welbeck
abarrasse2m,nR5=7,abarrasse2m@mail.ru,Adrea Barrasse
lbrame2n,pC9?@V},lbrame2n@skype.com,Ludovika Brame
lgonnard2o,zX2(<fc,lgonnard2o@army.mil,Laurens Gonnard
sbeaumont2p,wB3.a_`,sbeaumont2p@bravesites.com,Smith Beaumont
ccarlo2q,mW5|wcd',ccarlo2q@t-online.de,Corenda Carlo
ssenton2r,fA6&J1Rw,ssenton2r@123-reg.co.uk,Seka Senton
bloder2s,"hB2,V!",bloder2s@imgur.com,Boot Loder
ehinckesman2t,nK5&CS,ehinckesman2t@blogtalkradio.com,Ellwood Hinckesman
rpavett2u,vG6}pwQ,rpavett2u@redcross.org,Reinald Pavett
aventham2v,hB6`',aventham2v@ibm.com,Arda Ventham
tkobpal2w,"xK6%,d",tkobpal2w@state.gov,Tawsha Kobpal
jnuzzi2x,cU5/aRc=,jnuzzi2x@slashdot.org,Jorgan Nuzzi
gmohun2y,aJ5(X4{,gmohun2y@bigcartel.com,Gran Mohun
zseagar2z,mZ5>,zseagar2z@cisco.com,Zachary Seagar
dwain30,"zN9,)8f",dwain30@usa.gov,Dena Wain
jkarpenya31,lT4$Iu,jkarpenya31@networkadvertising.org,Jsandye Karpenya
ebateup32,kK6>ECS,ebateup32@miibeian.gov.cn,Estella Bateup
vwallach33,qM1/k,vwallach33@google.pl,Van Wallach
cmachel34,"yY4`"".{D",cmachel34@hubpages.com,Cherlyn Machel
cdanes35,oB8?CoAj,cdanes35@imgur.com,Charline Danes
gmcdonough36,eO8.+SiU,gmcdonough36@timesonline.co.uk,Goober McDonough
nmcbain37,lS4+,nmcbain37@ed.gov,Nat McBain
wdalbey38,qB2\~8i,wdalbey38@hhs.gov,Wandis Dalbey
orickardes39,fM2!,orickardes39@zdnet.com,Oralie Rickardes
croper3a,sE9/E`c#,croper3a@cyberchimps.com,Colene Roper
ablaver3b,gC8+_E,ablaver3b@discuz.net,Almeta Blaver
lgreggersen3c,mJ8`,lgreggersen3c@altervista.org,Lorrie Greggersen
gcopo3d,jD9&%wT2,gcopo3d@spotify.com,Gillian Copo
smuffitt3e,eN6(,smuffitt3e@blogspot.com,Shirleen Muffitt
eavramov3f,nM4.(soC,eavramov3f@abc.net.au,Edithe Avramov
cmclernon3g,"mK0""s",cmclernon3g@pinterest.com,Cully McLernon
jrobiou3h,jC0%C.,jrobiou3h@archive.org,Jeff Robiou
wiczokvitz3i,kQ7&=u,wiczokvitz3i@baidu.com,Whitman Iczokvitz
lguenther3j,sQ3/%y?,lguenther3j@slashdot.org,Lyn Guenther
mcisec3k,qB8`,mcisec3k@reference.com,Meta Cisec
rde3l,lK7.XWi,rde3l@ocn.ne.jp,Rosie de Keyser
rbalas3m,tG2~,rbalas3m@whitehouse.gov,Rivi Balas
lrohlf3n,zE2=NDRr,lrohlf3n@nytimes.com,Lana Rohlf
gtomankiewicz3o,bT2),gtomankiewicz3o@bbb.org,Gianna Tomankiewicz
candrew3p,cS6%O,candrew3p@cisco.com,Candice Andrew
toade3q,"iE6,t",toade3q@plala.or.jp,Timmy Oade
lmitchenson3r,cC2\,lmitchenson3r@patch.com,Ly Mitchenson
cswane3s,hY6\,cswane3s@tamu.edu,Coralyn Swane
pbrownell3t,dU4|,pbrownell3t@sakura.ne.jp,Petr Brownell
priley3u,uX2{,priley3u@google.co.uk,Paulo Riley
cvango3v,gT4/6vC_,cvango3v@w3.org,Cammy Vango
tlotherington3w,dD2%,tlotherington3w@aol.com,Tyson Lotherington
mwhinray3x,yJ6#>!,mwhinray3x@disqus.com,Mordy Whinray
sgiorgeschi3y,cS9.N3Fb,sgiorgeschi3y@webs.com,Star Giorgeschi
dcaudell3z,uS0'sKS,dcaudell3z@newsvine.com,Denys Caudell
tficken40,gU3*,tficken40@yelp.com,Tris Ficken
sblakiston41,nK7(Dq,sblakiston41@aboutads.info,Stefano Blakiston
ahaycroft42,oF1=,ahaycroft42@msu.edu,Arther Haycroft
ncoryndon43,hN7_P~,ncoryndon43@wikipedia.org,Nikolaus Coryndon
jgiannasi44,eT3=Kha{,jgiannasi44@globo.com,Jedd Giannasi
dgianotti45,bT9!gFz,dgianotti45@symantec.com,Dan Gianotti
vprahm46,"oG4""lXD",vprahm46@va.gov,Vittorio Prahm
acrowthe47,eZ1+C,acrowthe47@oaic.gov.au,Arman Crowthe
akobpal48,aQ9&m,akobpal48@icq.com,Aggy Kobpal
asandeman49,qY5/,asandeman49@prweb.com,Aridatha Sandeman
ekorting4a,zB7.er>,ekorting4a@devhub.com,Edlin Korting
jzellner4b,lO1+7#|,jzellner4b@nasa.gov,Jed Zellner
jturfin4c,"wO2,e",jturfin4c@vinaora.com,Joey Turfin
shustings4d,aD1{w1},shustings4d@jigsy.com,Simonne Hustings
cjurczyk4e,pW1|P,cjurczyk4e@who.int,Cornall Jurczyk
hgorring4f,lP9}skJb,hgorring4f@independent.co.uk,Hyatt Gorring
mspurr4g,gE5=va$,mspurr4g@google.es,Margi Spurr
udubber4h,iV1'zF',udubber4h@nasa.gov,Ursuline Dubber
ngullberg4i,mS5!ypr,ngullberg4i@nps.gov,Nathanial Gullberg
lmcturley4j,rJ5/j.t,lmcturley4j@latimes.com,Lorinda McTurley
aonions4k,eC7.,aonions4k@jiathis.com,Andie O'Nions
pbamlett4l,bU7>l,pbamlett4l@bigcartel.com,Padgett Bamlett
lgensavage4m,iC7_9,lgensavage4m@walmart.com,Lia Gensavage
moda4n,gQ9!39l,moda4n@businessinsider.com,Marie-ann Oda
ohallas4o,cM4>yA@,ohallas4o@edublogs.org,Ortensia Hallas
bvan4p,kS9$G_,bvan4p@webmd.com,Beverley Van Leijs
gsuffield4q,gF5**,gsuffield4q@facebook.com,Gustavus Suffield
ogiffen4r,xO8$5}Iv,ogiffen4r@globo.com,Otis Giffen
jtrevethan4s,zQ4~#WZn,jtrevethan4s@bluehost.com,Jacquenette Trevethan
lreede4t,pN7{q&T,lreede4t@google.fr,Lucas Reede
cswindell4u,fQ1)KQ,cswindell4u@mapy.cz,Codie Swindell
hgilfoyle4v,uF2'2\2,hgilfoyle4v@woothemes.com,Hastings Gilfoyle
smityashev4w,aM0\ov2(,smityashev4w@about.me,Sydney Mityashev
sorneles4x,vB5@WVxA,sorneles4x@reddit.com,Starlin Orneles
ddee4y,iQ7@Pvx,ddee4y@mtv.com,Dee dee Havoc
ogelsthorpe4z,dF6!HS,ogelsthorpe4z@chron.com,Opaline Gelsthorpe
lcastelluzzi50,oR4=,lcastelluzzi50@prnewswire.com,Lydon Castelluzzi
mantonovic51,eP0$p0l4,mantonovic51@ft.com,Mattie Antonovic
nmeininger52,rR7~T2R,nmeininger52@ustream.tv,Nicol Meininger
cwindebank53,fS9_i)~?,cwindebank53@google.co.uk,Charlean Windebank
dfritz54,fC2&,dfritz54@google.ca,Dana Fritz
fthurley55,kE1(6,fthurley55@nbcnews.com,Felicio Thurley
dbunn56,nU2%5},dbunn56@i2i.jp,Dottie Bunn
kkippins57,cK2!W,kkippins57@salon.com,Kirk Kippins
rhurche58,iD8\,rhurche58@abc.net.au,Roddie Hurche
dchown59,pZ6`Bge,dchown59@ibm.com,Deonne Chown
rmackereth5a,wL0@#,rmackereth5a@fda.gov,Rahal MacKereth
mvenn5b,aE5=,mvenn5b@qq.com,Marylinda Venn
hlivsey5c,"vS7%,",hlivsey5c@cbsnews.com,Herculie Livsey
sduckit5d,vM1%'\P1,sduckit5d@cpanel.net,Sosanna Duckit
cdomeny5e,yN8!z,cdomeny5e@gov.uk,Cherlyn Domeny
gmc5f,sI3~UL,gmc5f@comsenz.com,Grete Mc Gorley
kcreany5g,dR1*?0!,kcreany5g@amazon.com,Kanya Creany
wgritland5h,qC4),wgritland5h@java.com,Winna Gritland
rthirtle5i,mH6>{3d,rthirtle5i@nifty.com,Rudolph Thirtle
egaughan5j,fO1+,egaughan5j@4shared.com,Eldridge Gaughan
spoad5k,nE4}NL,spoad5k@aboutads.info,Shana Poad
kmeasom5l,eH3},kmeasom5l@ibm.com,Kareem Measom
lklimsch5m,qQ3{{<j,lklimsch5m@arizona.edu,Lani Klimsch
kpiner5n,vV8`,kpiner5n@bandcamp.com,Kelby Piner
ljayne5o,"uG2""r""",ljayne5o@studiopress.com,Loraine Jayne
jsworne5p,zV9~8\%,jsworne5p@google.com,Jannelle Sworne
jdeerness5q,nO0),jdeerness5q@alibaba.com,Jacquelynn Deerness
agresty5r,dY0/o/L,agresty5r@cbc.ca,Adey Gresty
tsokell5s,oH0}3K},tsokell5s@twitpic.com,Tessi Sokell
cload5t,iK8+<Aev,cload5t@symantec.com,Charyl Load
sglavias5u,aI5(@h{=,sglavias5u@cornell.edu,Sydney Glavias
streneer5v,rN0+uo6+,streneer5v@edublogs.org,Sarah Treneer
jpayley5w,mM3),jpayley5w@nih.gov,Jane Payley
gfrazier5x,qW2*,gfrazier5x@senate.gov,Gaspard Frazier
jdenslow5y,kQ3_{g,jdenslow5y@kickstarter.com,Jennie Denslow
dpengilly5z,eV9{_f,dpengilly5z@domainmarket.com,Dav Pengilly
adittson60,xU9}@+z,adittson60@xinhuanet.com,Austen Dittson
wjacobovitz61,cF0'D_i,wjacobovitz61@oracle.com,Wandis Jacobovitz
jshovlin62,lL5#,jshovlin62@europa.eu,Jocko Shovlin
scoldman63,rI6&,scoldman63@so-net.ne.jp,Sara Coldman
caubrey64,cG2\Lf$,caubrey64@wikia.com,Carlen Aubrey
jgladeche65,"nG2_,",jgladeche65@tamu.edu,Jarvis Gladeche
mkirkness66,hK0#w|Fv,mkirkness66@qq.com,Melonie Kirkness
egoodenough67,oY6{in,egoodenough67@va.gov,Evania Goodenough
jmoulin68,wG8<!3r,jmoulin68@technorati.com,Jamima Moulin
bcarus69,dK0!O,bcarus69@goo.ne.jp,Barbra Carus
rplowman6a,uY5(uUY$,rplowman6a@un.org,Rafaelita Plowman
phaley6b,"pI5,)?",phaley6b@t-online.de,Portie Haley
lnorthedge6c,iU9}Z1D),lnorthedge6c@blogger.com,Leyla Northedge
mgaenor6d,kF7#n,mgaenor6d@4shared.com,Martica Gaenor
emertsching6e,eH0|F&I\,emertsching6e@canalblog.com,Engelbert Mertsching
sdroghan6f,jV7=lG,sdroghan6f@sun.com,Sholom Droghan
gblick6g,tE5#wSq,gblick6g@europa.eu,Gerda Blick
rbrunn6h,xZ7&,rbrunn6h@prweb.com,Rudy Brunn
jfairfull6i,zA5&qRZ,jfairfull6i@china.com.cn,Jarib Fairfull
pryle6j,dS8{NAM,pryle6j@goo.ne.jp,Pennie Ryle
bdonoher6k,"vK2,qT",bdonoher6k@whitehouse.gov,Brnaba Donoher
tfowell6l,"cR2,d+",tfowell6l@icio.us,Temple Fowell
jbeade6m,hR3<+j3,jbeade6m@pbs.org,Jessey Beade
pclerke6n,"zQ1,<",pclerke6n@msn.com,Peter Clerke
lbarnfield6o,tX7),lbarnfield6o@engadget.com,Lorena Barnfield
pgleder6p,xY7$R5,pgleder6p@shinystat.com,Pietra Gleder
manglin6q,wA5>r2Zu,manglin6q@cyberchimps.com,Mellisa Anglin
mcail6r,iD7&N/Zh,mcail6r@omniture.com,Mahalia Cail
gdenizet6s,vI0&Bm,gdenizet6s@blinklist.com,Griff Denizet
gloffel6t,mH4=,gloffel6t@virginia.edu,Gertrud Loffel
kpilmer6u,pT0}/A#,kpilmer6u@dion.ne.jp,Kit Pilmer
tchavrin6v,dK8|,tchavrin6v@virginia.edu,Terza Chavrin
scocklin6w,uJ1?0+.,scocklin6w@photobucket.com,Stanislaus Cocklin
oaggio6x,rM7)ar,oaggio6x@printfriendly.com,Orly Aggio
kjoan6y,mH8_>mf,kjoan6y@ft.com,Krissy Joan
rrosenblatt6z,lK6.W_,rrosenblatt6z@webmd.com,Russ Rosenblatt
svanichkov70,lU7>sE7s,svanichkov70@nbcnews.com,Shamus Vanichkov
slethcoe71,rT2>kV,slethcoe71@msu.edu,Sella Lethcoe
kshefton72,yL0+=Ci,kshefton72@about.me,Kriste Shefton
ggytesham73,tU5=LW,ggytesham73@smh.com.au,Gibb Gytesham
udunge74,tT6_I,udunge74@opensource.org,Ulrica Dunge
dkeetley75,hL0)({mE,dkeetley75@smh.com.au,Doralynn Keetley
jcoleridge76,hZ7=,jcoleridge76@ifeng.com,Jaime Coleridge
hkenshole77,hH6#@G,hkenshole77@clickbank.net,Hestia Kenshole
bcrother78,oZ8(~ng,bcrother78@bloglovin.com,Bruis Crother
allywarch79,bW3{#,allywarch79@unicef.org,Arlette Llywarch
mgarnett7a,uA1}`u,mgarnett7a@ft.com,Melisse Garnett
strahar7b,iI7|,strahar7b@wunderground.com,Saundra Trahar
ccannavan7c,xB0)k7&,ccannavan7c@canalblog.com,Caye Cannavan
cpesik7d,fL2~Mx@H,cpesik7d@istockphoto.com,Carlen Pesik
hmuncey7e,qB0},hmuncey7e@over-blog.com,Hew Muncey
mdoogood7f,sT2|,mdoogood7f@ning.com,Malissia Doogood
bblondel7g,yK6|Ic',bblondel7g@storify.com,Berkie Blondel
smanes7h,"wT3""~m?",smanes7h@loc.gov,Sabrina Manes
djeskin7i,zD1?WU,djeskin7i@ustream.tv,Donna Jeskin
kgaffer7j,mU0+C,kgaffer7j@de.vu,Kimberlee Gaffer
gkembry7k,bN7{,gkembry7k@reuters.com,Gare Kembry
rskillern7l,wN0|@Z,rskillern7l@elegantthemes.com,Rosabella Skillern
braggatt7m,xI8#I'},braggatt7m@tripod.com,Bee Raggatt
lsepey7n,"uO7""",lsepey7n@gmpg.org,Lloyd Sepey
aworner7o,jY1.cai3,aworner7o@tiny.cc,Arnuad Worner
hstaddart7p,nJ4&W5,hstaddart7p@weibo.com,Hadria Staddart
jwurz7q,nR9+J,jwurz7q@zdnet.com,Josselyn Wurz
lclaessens7r,jZ7>,lclaessens7r@yolasite.com,Lemmy Claessens
gepilet7s,aG9$7,gepilet7s@mail.ru,Gaston Epilet
gmanuaud7t,oW3%Jz4,gmanuaud7t@clickbank.net,Georgiana Manuaud
fshapiro7u,rI0{Iq4,fshapiro7u@1688.com,Felicle Shapiro
cachromov7v,fH1|8,cachromov7v@ezinearticles.com,Chic Achromov
tshelf7w,tT5|{2N,tshelf7w@example.com,Tillie Shelf
jroswarne7x,qW4'y.,jroswarne7x@quantcast.com,Jerrome Roswarne
glortzing7y,dH2$Y(7,glortzing7y@youtu.be,Germana Lortzing
gmccrorie7z,dA0},gmccrorie7z@istockphoto.com,Galen McCrorie
aingram80,mN9'3*,aingram80@upenn.edu,Aurilia Ingram
fhatwell81,xE4#'P,fhatwell81@chronoengine.com,Felix Hatwell
alamprecht82,lP0+@,alamprecht82@geocities.com,Auguste Lamprecht
hgartland83,xE8$2J,hgartland83@alibaba.com,Hendrick Gartland
gfernant84,iU9{h,gfernant84@admin.ch,Gilemette Fernant
rscotchmor85,cD0_Xgr~,rscotchmor85@over-blog.com,Rosanne Scotchmor
ikeyden86,"kK9%L,P_",ikeyden86@dedecms.com,Inness Keyden
wmurton87,fV6%t@,wmurton87@yahoo.co.jp,Wallache Murton
griggoll88,"xL5,n?0",griggoll88@deviantart.com,Gene Riggoll
ebannell89,eT2_kdM4,ebannell89@devhub.com,Elga Bannell
sbuddleigh8a,hS5&,sbuddleigh8a@gizmodo.com,Stillman Buddleigh
srysdale8b,yZ8%}l\J,srysdale8b@pagesperso-orange.fr,Skyler Rysdale
aashenhurst8c,sT6/&\XI,aashenhurst8c@howstuffworks.com,Alfie Ashenhurst
plewendon8d,eN6)Rc7M,plewendon8d@godaddy.com,Patience Lewendon
mcasel8e,dK0%w3,mcasel8e@wikispaces.com,Molli Casel
lgebby8f,qP4=3iw,lgebby8f@scribd.com,Lindie Gebby
dnewbury8g,sO7',dnewbury8g@dion.ne.jp,Dallas Newbury
dbooy8h,wG5+jt,dbooy8h@blogtalkradio.com,Davon Booy
fvernau8i,rR1~I7h,fvernau8i@examiner.com,Florida Vernau
acrothers8j,zY7{c,acrothers8j@dailymotion.com,Ara Crothers
lvaines8k,dR2)@2@?,lvaines8k@so-net.ne.jp,Lisha Vaines
afogarty8l,eL0{g,afogarty8l@hhs.gov,Antoni Fogarty
tswitzer8m,hW0&d1?2,tswitzer8m@auda.org.au,Taddeo Switzer
jmathieson8n,fM9.r*,jmathieson8n@bing.com,Jessie Mathieson
fstagg8o,jL7\rU,fstagg8o@newyorker.com,Felicio Stagg
ccapsey8p,mU6$sf,ccapsey8p@noaa.gov,Cookie Capsey
achastanet8q,"eT7""P&",achastanet8q@clickbank.net,Aryn Chastanet
laughton8r,wT3{yPC,laughton8r@ted.com,Laurens Aughton
eolley8s,kR7*,eolley8s@google.es,Edan Olley
wmcgrowther8t,vY5_,wmcgrowther8t@pcworld.com,Woody McGrowther
aarter8u,mS5>aky,aarter8u@wordpress.org,Aguie Arter
kgadd8v,cV8)K'Y,kgadd8v@blog.com,Karlan Gadd
pbloore8w,qZ5$0(U,pbloore8w@latimes.com,Peadar Bloore
mendley8x,"fI3~a,my",mendley8x@sun.com,Mollee Endley
echoke8y,yQ1!,echoke8y@cbsnews.com,Elva Choke
ahawkswell8z,vG9&(<,ahawkswell8z@miitbeian.gov.cn,Alford Hawkswell
amallock90,gG6@|u,amallock90@paypal.com,Ashby Mallock
mbebis91,"tL2=""04",mbebis91@examiner.com,Melosa Bebis
eschleswigholstein92,rZ6&Iic,eschleswigholstein92@about.me,Edy Schleswig-Holstein
gbello93,yY3=c,gbello93@cam.ac.uk,Geri Bello
dcrispin94,lH2$VQ,dcrispin94@w3.org,Denice Crispin
shaking95,"oU1""",shaking95@wiley.com,Sadella Haking
ihacquard96,dX2|A}8,ihacquard96@technorati.com,Iggie Hacquard
iplan97,tR9$.B,iplan97@va.gov,Irv Plan
cickowicz98,nL2|9D,cickowicz98@patch.com,Cyndie Ickowicz
akenyam99,tY2'72V,akenyam99@google.com,Aaren Kenyam
jbrodeau9a,"kQ7""!",jbrodeau9a@barnesandnoble.com,Jeannette Brodeau
lhaggerty9b,dP1{o(*,lhaggerty9b@github.io,Laetitia Haggerty
cmccreery9c,xQ0`\,cmccreery9c@hibu.com,Courtney McCreery
dsearl9d,"yC5""",dsearl9d@mapy.cz,Dorena Searl
tdominique9e,lI5#,tdominique9e@bing.com,Tudor Dominique
mtopliss9f,iA4+L`,mtopliss9f@delicious.com,Marys Topliss
mfesby9g,qV4/k&n,mfesby9g@netscape.com,Moore Fesby
fmatusovsky9h,tG3(V\9,fmatusovsky9h@meetup.com,Fair Matusovsky
scokly9i,"rW0?,",scokly9i@flavors.me,Serene Cokly
eizon9j,xD1|/g@,eizon9j@ning.com,Esma Izon
vkensett9k,oG4<+y|d,vkensett9k@telegraph.co.uk,Valenka Kensett
sturpey9l,iC2+C,sturpey9l@foxnews.com,Sella Turpey
astrooband9m,pK6~e,astrooband9m@amazon.co.uk,Albina Strooband
mde9n,sX4/r\,mde9n@dagondesign.com,Mack De Bernardi
dpettus9o,zP9_,dpettus9o@toplist.cz,Dedie Pettus
amckevany9p,hK5>tT6O,amckevany9p@imageshack.us,Ardyth McKevany
tmerrifield9q,bS9\,tmerrifield9q@rediff.com,Terrye Merrifield
eswynfen9r,jB3~O,eswynfen9r@cornell.edu,Ellissa Swynfen
kchippin9s,"vH5,Ij",kchippin9s@hp.com,Kym Chippin
dtowe9t,oG1<g,dtowe9t@facebook.com,Devondra Towe
bsandercock9u,sF2.h4yc,bsandercock9u@wikimedia.org,Brandy Sandercock
lhelliker9v,uW2},lhelliker9v@issuu.com,Lanny Helliker
mstigell9w,"qJ8""EP",mstigell9w@nhs.uk,Maia Stigell
fruslinge9x,zG4!`,fruslinge9x@slashdot.org,Florri Ruslinge
rmcquillen9y,pL4<km_,rmcquillen9y@usa.gov,Rudolf McQuillen
aruthen9z,hB7@_,aruthen9z@bigcartel.com,Andie Ruthen
rgreenshieldsa0,qY1)3S,rgreenshieldsa0@slate.com,Rachael Greenshields
apeealessa1,fS8?,apeealessa1@amazon.de,Alex Peealess
jkitchingmana2,qU4#I_,jkitchingmana2@skyrock.com,Jemimah Kitchingman
iianettia3,"gC7""",iianettia3@opera.com,Ivette Ianetti
wdundona4,iK1_,wdundona4@vimeo.com,Wendel Dundon
garissa5,gK8%,garissa5@sogou.com,Gilberta Ariss
rziemena6,jI6?,rziemena6@mediafire.com,Ray Ziemen
hhopkynsona7,gF9\,hhopkynsona7@army.mil,Homere Hopkynson
imoorea8,mD7`'Um!,imoorea8@sun.com,Idalina Moore
mbrasona9,"zD3?""F#",mbrasona9@skype.com,Murray Brason
krosettiniaa,fQ1`|t,krosettiniaa@yolasite.com,Klarrisa Rosettini
rmckeatingab,iN3!,rmckeatingab@freewebs.com,Ruggiero McKeating
rmccathayac,sT3%`v,rmccathayac@elegantthemes.com,Robyn McCathay
swestcotad,gS0{SrPd,swestcotad@nytimes.com,Sax Westcot
lspaxmanae,nK9~,lspaxmanae@acquirethisname.com,Lilllie Spaxman
cwitchardaf,bT6+1,cwitchardaf@icq.com,Clarine Witchard
nlangeag,gA4@|rr,nlangeag@reuters.com,Newton Lange
rdeah,zV0~GtPJ,rdeah@pcworld.com,Rossie de Merida
amauchlineai,qM2|},amauchlineai@sfgate.com,Alidia Mauchline
slimbertaj,bO3.j5G),slimbertaj@time.com,Shell Limbert
mcrucettiak,pA9#yP,mcrucettiak@nba.com,Mort Crucetti
fabelaal,gT7*K6I,fabelaal@friendfeed.com,Fairleigh Abela
rpurkissam,iY2?Xg6J,rpurkissam@weebly.com,Randell Purkiss
nlangfieldan,iW3<h,nlangfieldan@a8.net,Ninnetta Langfield
rgaddesao,vQ5}|LjZ,rgaddesao@dion.ne.jp,Rebeca Gaddes
mahernap,uR9{,mahernap@samsung.com,Mendie Ahern
adavydenkoaq,yD9&,adavydenkoaq@dropbox.com,Alair Davydenko
rkingabyar,fE1{),rkingabyar@soup.io,Rochette Kingaby
rgudgeas,tX5_,rgudgeas@hhs.gov,Rasla Gudge
ecauseyat,cI6~93mY,ecauseyat@gnu.org,Edita Causey
amcgauganau,yX2|v,amcgauganau@fc2.com,Alisha McGaugan
otabrettav,zX2+FX,otabrettav@shutterfly.com,Oran Tabrett
scatletteaw,kU0.4q,scatletteaw@home.pl,Stillman Catlette
amintonax,"jN3,V",amintonax@purevolume.com,Amitie Minton
aillwellay,xA7?i7P,aillwellay@telegraph.co.uk,Arvy Illwell
dwyllcockaz,rJ9%}Ok,dwyllcockaz@cnn.com,Darleen Wyllcock
csudellb0,zR1%pXMe,csudellb0@bluehost.com,Cris Sudell
gwalklettb1,"wH2""EZUO",gwalklettb1@squidoo.com,Gasper Walklett
mcossansb2,qM2_#qp,mcossansb2@rediff.com,Marsha Cossans
tdupoyb3,jG5%u</,tdupoyb3@biblegateway.com,Tawnya Dupoy
sforsydeb4,mJ9)V,sforsydeb4@geocities.com,Sileas Forsyde
pcarlettob5,zP6~nVv<,pcarlettob5@51.la,Pollyanna Carletto
eshawdforthb6,aG8(C,eshawdforthb6@nbcnews.com,Edd Shawdforth
scitrineb7,hV9?,scitrineb7@theglobeandmail.com,Sergio Citrine
nbamptonb8,pW0',nbamptonb8@trellian.com,Netty Bampton
dmerrywetherb9,"gC4""",dmerrywetherb9@webnode.com,Delphinia Merrywether
srobertetba,wE9(6=B4,srobertetba@cmu.edu,Shelley Robertet
ckarolybb,pL4_0,ckarolybb@ocn.ne.jp,Candi Karoly
lpepperellbc,rG6&,lpepperellbc@mayoclinic.com,Letitia Pepperell
grablinbd,gT3|,grablinbd@nature.com,Garald Rablin
rtolemachebe,vZ4{6a>,rtolemachebe@phpbb.com,Randie Tolemache
brounsefellbf,"lO0""",brounsefellbf@cnet.com,Bentlee Rounsefell
ssidwickbg,aG2#!=8,ssidwickbg@printfriendly.com,Shepherd Sidwick
dmussallibh,mQ8>V?D,dmussallibh@ihg.com,Debby Mussalli
lhastebi,"vN0#9e,",lhastebi@amazon.co.uk,Lissa Haste
jwrennbj,hY1?*,jwrennbj@wikipedia.org,Johann Wrenn
nmcgilbenbk,rB2$uwpw,nmcgilbenbk@bluehost.com,Nadiya McGilben
cdambrogibl,"xI4""Pyc",cdambrogibl@opera.com,Chrysler D'Ambrogi
bdurtnalbm,dT8/'BD,bdurtnalbm@zimbio.com,Brook Durtnal
amathiasenbn,pM2`\`,amathiasenbn@tripod.com,Abbie Mathiasen
pthonasonbo,kF3#yJ*,pthonasonbo@bluehost.com,Pete Thonason
cbrainbp,aX9!w,cbrainbp@nhs.uk,Caldwell Brain
cduxfieldbq,mX6`zs,cduxfieldbq@smugmug.com,Christiana Duxfield
jlealbr,lA2_Hy3|,jlealbr@yelp.com,Jermayne Leal
cpolandbs,fF6#,cpolandbs@ning.com,Cirillo Poland
wburgumbt,"mD7,?K(|",wburgumbt@dion.ne.jp,Wernher Burgum
jplaschkebu,pZ6<@,jplaschkebu@webnode.com,Jarib Plaschke
mstonardbv,iR5.,mstonardbv@goodreads.com,Malinda Stonard
rhamflettbw,pF7_,rhamflettbw@cbc.ca,Rawley Hamflett
cickowiczbx,"gD7""40>~",cickowiczbx@wp.com,Claudius Ickowicz
rsideby,sK0}$K},rsideby@hatena.ne.jp,Riannon Side
cthaxtonbz,bV9(,cthaxtonbz@topsy.com,Carline Thaxton
dokeavenyc0,gI3<u8Y,dokeavenyc0@skype.com,Darrin O'Keaveny
plubec1,mF0>,plubec1@behance.net,Paula Lube
mcrollyc2,uA1&{?fK,mcrollyc2@nymag.com,Milo Crolly
kdec3,mG8)tk,kdec3@kickstarter.com,Kaitlin De Beauchamp
esawfootc4,qQ5$})L,esawfootc4@springer.com,Elfrida Sawfoot
kbiernatc5,dD6.U/,kbiernatc5@dropbox.com,Kelsey Biernat
sgrzelczykc6,iP0},sgrzelczykc6@tamu.edu,Sara Grzelczyk
dbegginic7,"hN0~~`,",dbegginic7@squarespace.com,Davidson Beggini
tyurkinc8,eH2)1u0,tyurkinc8@sciencedirect.com,Thacher Yurkin
wdec9,zU3.Eih,wdec9@fastcompany.com,Werner De Bell
jpeileca,gD0/*u,jpeileca@google.nl,Jeramie Peile
taudeniscb,lB4$>gI,taudeniscb@unesco.org,Tiphani Audenis
abahlcc,mM3=5#q,abahlcc@illinois.edu,Arnoldo Bahl
cgranhamcd,"sD0=|Lm""",cgranhamcd@networksolutions.com,Colette Granham
abernadzkice,vG2)/,abernadzkice@prnewswire.com,Anette Bernadzki
dramsdellcf,tO0#/F8,dramsdellcf@google.cn,Dusty Ramsdell
egutersoncg,vA7%?,egutersoncg@senate.gov,Elladine Guterson
vlemonnierch,cU1#{(f,vlemonnierch@tinyurl.com,Vanna Lemonnier
dpiddockci,jJ0&<E,dpiddockci@cornell.edu,Demetra Piddock
tganforthecj,wD4>Ug,tganforthecj@amazonaws.com,Tobe Ganforthe
cblamiresck,dY5=8D6O,cblamiresck@list-manage.com,Carmine Blamires
mdycl,aJ6?y!RU,mdycl@ucla.edu,Man Dy
blunamcm,uI9!du)>,blunamcm@apache.org,Brigg Lunam
dquereecn,vJ7(u,dquereecn@wiley.com,Dorita Queree
pcaveeco,uX5+SK#N,pcaveeco@ucsd.edu,Pam Cavee
kjagielacp,wB0&?=2,kjagielacp@intel.com,Katya Jagiela
lpriestcq,rM8/y,lpriestcq@irs.gov,Lynette Priest
ndametticr,cN8/n,ndametticr@plala.or.jp,Norri Dametti
mbumbycs,iY1@,mbumbycs@dailymail.co.uk,Michal Bumby
bkarpfenct,eM6/t64,bkarpfenct@cdbaby.com,Beckie Karpfen
pdrennancu,kM9~KP,pdrennancu@army.mil,Papageno Drennan
akingstnecv,"vR1@M""K,",akingstnecv@paypal.com,Albie Kingstne
mnivencw,pI8~V@,mnivencw@seattletimes.com,Morse Niven
cbernasekcx,eA5_,cbernasekcx@google.com.br,Carolann Bernasek
clyddycy,rW0~,clyddycy@histats.com,Cobbie Lyddy
schantreecz,dQ5+u,schantreecz@ftc.gov,Silvana Chantree
echaterd0,gY6?TVs,echaterd0@eepurl.com,Erhard Chater
fsmithiesd1,"zP4$gl""",fsmithiesd1@sun.com,Fidelia Smithies
ryegorkovd2,xH6<e,ryegorkovd2@ted.com,Rikki Yegorkov
aguyetd3,aS8\sk*,aguyetd3@archive.org,Avictor Guyet
thotchkind4,vM0=ZS9,thotchkind4@cmu.edu,Theresita Hotchkin
calenichevd5,zX1}6#,calenichevd5@seesaa.net,Collen Alenichev
gschnitterd6,mF9{O,gschnitterd6@tinypic.com,Giulietta Schnitter
knewbattd7,vR6)@fGx,knewbattd7@reddit.com,Karola Newbatt
sbuttd8,lD0%,sbuttd8@usgs.gov,Shaine Butt Gow
ckroutd9,xV0!Z\n,ckroutd9@people.com.cn,Carlita Krout
msawfootda,"wU8""?6uu",msawfootda@telegraph.co.uk,Modestine Sawfoot
rkirwandb,eY2\8rc|,rkirwandb@msn.com,Rufus Kirwan
cdevalldc,vM2`X.a4,cdevalldc@cloudflare.com,Calhoun Devall
pdeemandd,dB1&Wk5%,pdeemandd@slate.com,Pebrook Deeman
speregrinede,qD8.Dpj,speregrinede@hostgator.com,Sam Peregrine
bboolsendf,vL1@`c,bboolsendf@bloglovin.com,Bettine Boolsen
cmoxondg,zI9?gea,cmoxondg@google.co.uk,Cristina Moxon
gjegerdh,fN6`+.K,gjegerdh@typepad.com,Gerick Jeger
tprantonidi,"mU6,",tprantonidi@godaddy.com,Temple Prantoni
ntrundledj,sD5?6kFY,ntrundledj@moonfruit.com,Naoma Trundle
klunnydk,"eS2%,G(T",klunnydk@odnoklassniki.ru,Karl Lunny
jsimoncellidl,mP4}M,jsimoncellidl@abc.net.au,Jefferey Simoncelli
cfliegdm,cY8#yAP,cfliegdm@ehow.com,Camellia Flieg
bspargodn,"mF5""",bspargodn@pbs.org,Benton Spargo
lgiacobonido,uF2+_O!r,lgiacobonido@phoca.cz,Lemmy Giacoboni
amyottdp,yF6@k),amyottdp@over-blog.com,Alison Myott
egilbeedq,wK4$z7+),egilbeedq@people.com.cn,Ethelind Gilbee
ibranthwaitedr,"kY5@)<""",ibranthwaitedr@techcrunch.com,Isabelle Branthwaite
econnewds,dB5?8b,econnewds@constantcontact.com,Enrika Connew
lyanovdt,iD7*n\vH,lyanovdt@gravatar.com,Leonie Yanov
lnelliesdu,jL3>,lnelliesdu@unesco.org,Lindon Nellies
vbedissdv,wZ8@yqdm,vbedissdv@reverbnation.com,Valry Bediss
mvinesdw,mT4|x#F,mvinesdw@blogs.com,Myrwyn Vines
scawthorndx,iC8$/%5A,scawthorndx@boston.com,Sonnie Cawthorn
rgumerydy,rU3/'NC,rgumerydy@sun.com,Rori Gumery
dbartellidz,kJ9(oM)d,dbartellidz@twitter.com,Dannel Bartelli
hyarntone0,lQ0\,hyarntone0@cloudflare.com,Haily Yarnton
glossmane1,gK8=Mh,glossmane1@mit.edu,Giralda Lossman
gmaceveleye2,wO1#+dfR,gmaceveleye2@godaddy.com,Georgie MacEveley
smcbratneye3,aP0>,smcbratneye3@t.co,Simone McBratney
dblase4,eF3@EnP,dblase4@studiopress.com,Danika Blas
asandyse5,jJ7~plM,asandyse5@japanpost.jp,Antonio Sandys
nwatkine6,eL3&/'n,nwatkine6@github.io,Niel Watkin
kkleislee7,"aA1(b7""",kkleislee7@salon.com,Kary Kleisle
moldhame8,mX9=UW,moldhame8@sakura.ne.jp,Marin Oldham
mbirdene9,aX3|P,mbirdene9@mozilla.com,Mort Birden
ehalgarthea,vA1''$av,ehalgarthea@yellowbook.com,Electra Halgarth
jwiggeb,pZ4~#w,jwiggeb@springer.com,Josias Wigg
hgaucheec,bI7#2{,hgaucheec@linkedin.com,Hildy Gauche
cputleyed,"xY5/>b""*",cputleyed@squarespace.com,Celestia Putley
cgonzalesee,"xQ6,qH",cgonzalesee@squarespace.com,Clarance Gonzales
smiddleditchef,qD4!o,smiddleditchef@dyndns.org,Siusan Middleditch
rpomeroyeg,hJ9$IA,rpomeroyeg@msu.edu,Rockey Pomeroy
gcrinioneh,dZ0%$L4,gcrinioneh@gizmodo.com,Gerald Crinion
ibootherei,zR0}}=P,ibootherei@examiner.com,Irma Boother
jpauleyej,wM1?,jpauleyej@nih.gov,Julianna Pauley
ldegueek,mX5|U06,ldegueek@geocities.com,Leona Degue
dmaloneyel,dI2.TQ,dmaloneyel@arstechnica.com,Davine Maloney
aephgraveem,kP5>,aephgraveem@tamu.edu,Antone Ephgrave
gclapstonen,yP2)Y,gclapstonen@wufoo.com,Gonzales Clapston
cedinboroeo,pF0@0q,cedinboroeo@netvibes.com,Cassondra Edinboro
kbickerdikeep,"eP5,'U",kbickerdikeep@hatena.ne.jp,Kristyn Bickerdike
djindacekeq,hT2)~I!,djindacekeq@facebook.com,Dukie Jindacek
jrumkeer,pW7*GS2,jrumkeer@yale.edu,Jamison Rumke
ebolesworthes,dR5!$,ebolesworthes@wix.com,Elnora Bolesworth
khemphallet,dB9{U9,khemphallet@va.gov,Karalynn Hemphall
cdeppeeu,xE4>}R9Z,cdeppeeu@narod.ru,Casey Deppe
afrenzelev,eG7}X%B,afrenzelev@infoseek.co.jp,Antonie Frenzel;
jfrancescew,fD6',jfrancescew@comcast.net,Jessika Francesc
ecassamex,cS3%}y,ecassamex@scribd.com,Evy Cassam
jbattershalley,pH3_o@,jbattershalley@economist.com,Jane Battershall
nlippittez,lC7$>_,nlippittez@hao123.com,Neall Lippitt
esolanf0,pB8|,esolanf0@alibaba.com,Emmerich Solan
favrahamf1,"sU7,bI",favrahamf1@nasa.gov,Filmer Avraham
wzorenf2,yG6?5+ey,wzorenf2@umn.edu,Wynn Zoren
dmordonf3,zC3&Tdj3,dmordonf3@umich.edu,Danna Mordon
gstokoef4,"jP5""tVA",gstokoef4@lulu.com,Glynnis Stokoe
eyelef5,hX7/e?K{,eyelef5@google.fr,Elisha Yele
santoniewiczf6,"lD7,b?",santoniewiczf6@about.com,Sasha Antoniewicz
hromainesf7,tU6+l,hromainesf7@ftc.gov,Hephzibah Romaines
jbrokenshawf8,nH3`!_xN,jbrokenshawf8@slashdot.org,Joshua Brokenshaw
vitshakf9,sY5$RK'*,vitshakf9@dmoz.org,Vikky Itshak
kluppittfa,gU5|,kluppittfa@aol.com,Kilian Luppitt
abethellfb,rH1`JQZ,abethellfb@1688.com,Alaine Bethell
mbamfieldfc,tR7\Rhn',mbamfieldfc@dedecms.com,Morgana Bamfield
sspinnacefd,oW7`,sspinnacefd@furl.net,Salvatore Spinnace
jwillingamfe,mK2)6L9_,jwillingamfe@nydailynews.com,Jerrilee Willingam
bbeazerff,jM6~x46,bbeazerff@arizona.edu,Bobina Beazer
jbischofffg,jB4!,jbischofffg@homestead.com,Jenn Bischoff
hmcreidyfh,tP9/,hmcreidyfh@hubpages.com,Hazel McReidy
lmorralleefi,hU7`%,lmorralleefi@sbwire.com,Lotte Morrallee
ogilhooleyfj,fZ2%,ogilhooleyfj@ebay.com,Otis Gilhooley
arenwickfk,zE6/&W,arenwickfk@printfriendly.com,Alaster Renwick
mdelgatyfl,pB3*,mdelgatyfl@nbcnews.com,Mable Delgaty
gcleifefm,hY9%},gcleifefm@fastcompany.com,Garwin Cleife
efooksfn,qC9|a+2,efooksfn@narod.ru,Ellynn Fooks
bsuggfo,mS2_,bsuggfo@yale.edu,Berkeley Sugg
tmasarratfp,zA5<*@,tmasarratfp@t-online.de,Thor Masarrat
enorsterfq,rL3)}p>,enorsterfq@blogspot.com,Elston Norster
kduffanfr,eU1@,kduffanfr@simplemachines.org,Kalila Duffan
swainscoatfs,"lX3<,Ku",swainscoatfs@aboutads.info,Stacey Wainscoat
vbodkerft,aK9.G,vbodkerft@gnu.org,Valentin Bodker
ncoultassfu,eW0?p)O,ncoultassfu@aboutads.info,Norrie Coultass
pleethamfv,"mB5,$ih",pleethamfv@whitehouse.gov,Perle Leetham
bwheelikerfw,wB8>j*_,bwheelikerfw@tripod.com,Bailie Wheeliker
gpriestmanfx,uD6$<\g.,gpriestmanfx@plala.or.jp,Golda Priestman
zzsafy,bH0>I,zzsafy@phpbb.com,Zsa zsa Rockell
rklussfz,gV3@sE,rklussfz@mlb.com,Rafaelita Kluss
emcauliffeg0,eG3(,emcauliffeg0@scribd.com,Erda McAuliffe
dbilbrookg1,kG0\W,dbilbrookg1@salon.com,Dix Bilbrook
ddrakeg2,nP2&`,ddrakeg2@nba.com,Debera Drake
ocroydong3,"qQ4~X_,T",ocroydong3@google.com.hk,Olivero Croydon
dgrombridgeg4,dR4*+Mha,dgrombridgeg4@reference.com,Donaugh Grombridge
hjeaffersong5,aH6_GLqC,hjeaffersong5@ow.ly,Hillier Jeafferson
swillischg6,cS0}I,swillischg6@amazonaws.com,Sigrid Willisch
cluckcockg7,rR7+!9cn,cluckcockg7@hubpages.com,Codi Luckcock
adaviog8,eY2_ZMT,adaviog8@cbslocal.com,Annabel Davio
mstadingg9,xK6%U`,mstadingg9@arizona.edu,Mabel Stading
lskirvingga,xD8)k,lskirvingga@xinhuanet.com,Leia Skirving
echildsgb,zK8!XpY,echildsgb@senate.gov,Emiline Childs
msturdeygc,jI0*R,msturdeygc@wikispaces.com,Meredith Sturdey
ahaizeldengd,vP4`,ahaizeldengd@1688.com,Auberon Haizelden
slitzmannge,dD3?4WC+,slitzmannge@macromedia.com,Sansone Litzmann
amclenahangf,qE0/|,amclenahangf@360.cn,Arlette McLenahan
pseeksgg,vQ2}2,pseeksgg@netlog.com,Pryce Seeks
dbroggettigh,pD2\03,dbroggettigh@ibm.com,Dorolisa Broggetti
rdoaggi,cK6!vf,rdoaggi@google.es,Ruprecht Doag
milyasgj,rJ6??',milyasgj@mapquest.com,Manon Ilyas
vtytcombgk,zP7`&,vtytcombgk@youtu.be,Vinnie Tytcomb
whutcheongl,vD5{,whutcheongl@google.com.au,Walden Hutcheon
vhalgarthgm,nA6%M,vhalgarthgm@google.com.hk,Valida Halgarth
wbearngn,fW9\Ms,wbearngn@thetimes.co.uk,Waldon Bearn
sfroggattgo,hP2>7rX,sfroggattgo@com.com,Shannon Froggatt
imunbygp,qU7|{>,imunbygp@stumbleupon.com,Ivory Munby
vcoppergq,iN1&y,vcoppergq@businesswire.com,Valencia Copper
cdigr,lA5)\Qx&,cdigr@acquirethisname.com,Crichton Di Franceschi
athiemegs,fC2=j,athiemegs@disqus.com,Aguie Thieme
chaackergt,kW0|Ab8#,chaackergt@spotify.com,Charlene Haacker
jborrowsgu,vH3#z,jborrowsgu@boston.com,Joy Borrows
vsadatgv,dZ3|S9)7,vsadatgv@nationalgeographic.com,Vonnie Sadat
cgrebbingw,tY1`Z,cgrebbingw@yandex.ru,Car Grebbin
cfiddlergx,"cM4""`2",cfiddlergx@telegraph.co.uk,Cissy Fiddler
amacmickangy,"dU0,Q",amacmickangy@discovery.com,Alejandro MacMickan
zdundendalegz,zR5_Hw5,zdundendalegz@opensource.org,Zorah Dundendale
cmessenth0,xR2=,cmessenth0@thetimes.co.uk,Charyl Messent
nciccarellih1,pX8?wMAv,nciccarellih1@alexa.com,Northrup Ciccarelli
bclutheramh2,oW5)y,bclutheramh2@opensource.org,Brigida Clutheram
shelioth3,iA6?D,shelioth3@sciencedaily.com,Suzy Heliot
wwiggallh4,yZ9_D,wwiggallh4@ted.com,Wayne Wiggall
tdisbrowh5,aQ0),tdisbrowh5@dmoz.org,Trix Disbrow
bsandersh6,"fN6}""x",bsandersh6@i2i.jp,Berkley Sanders
bblackstockh7,"fO0&d,L'",bblackstockh7@miitbeian.gov.cn,Barbabas Blackstock
sbruckerh8,pA2%a9e,sbruckerh8@constantcontact.com,Steward Brucker
agebbeh9,aP7)wW,agebbeh9@ca.gov,Albertina Gebbe
rheatlyha,oU9$y)P,rheatlyha@usa.gov,Randee Heatly
wblasketthb,cJ1{%,wblasketthb@cnet.com,Willem Blaskett
bsutherleyhc,rT7$l,bsutherleyhc@csmonitor.com,Brook Sutherley
akilnhd,lV8<\m7d,akilnhd@gmpg.org,Abby Kiln
mpyehe,pD3@&iv,mpyehe@wufoo.com,Margette Pye
vstarrshf,uF2&c),vstarrshf@si.edu,Van Starrs
rsymondshg,"zA9&{C,l",rsymondshg@angelfire.com,Ricky Symonds
amarikhinhh,qC3?,amarikhinhh@phpbb.com,Ange Marikhin
chalburtonhi,eK1\U,chalburtonhi@shinystat.com,Carroll Halburton
gwoodhj,xV3$lXP,gwoodhj@craigslist.org,Geri Wood
lwestoverhk,bB7>&#1,lwestoverhk@uol.com.br,Lea Westover
aboullerhl,eK2_>!u|,aboullerhl@dailymail.co.uk,Andrew Bouller
bbecerilhm,qK0$dY,bbecerilhm@dmoz.org,Belita Beceril
aclifforthhn,qE6<(,aclifforthhn@imageshack.us,Alexandra Clifforth
gseneschalho,kY5=k,gseneschalho@desdev.cn,Gladys Seneschal
centerlehp,zG2~Jq.i,centerlehp@elpais.com,Cele Enterle
jparrotthq,wW3),jparrotthq@tamu.edu,Jere Parrott
vkinneallyhr,"nM7""sY7",vkinneallyhr@earthlink.net,Vernen Kinneally
smorcombehs,cG5'qM,smorcombehs@stumbleupon.com,Selle Morcombe
ldunsleveht,cB3=}c=$,ldunsleveht@eepurl.com,Lizzy Dunsleve
kcoarehu,xW0(),kcoarehu@craigslist.org,Kerry Coare
tgracehv,wY8>0,tgracehv@who.int,Tami Grace
radnehw,qK7+,radnehw@ustream.tv,Rhoda Adne
lvernehx,pS7>f91,lvernehx@taobao.com,La verne Palleske
lvasilischevhy,kJ0~2$3,lvasilischevhy@macromedia.com,Latrena Vasilischev
aisachz,cK5_f,aisachz@desdev.cn,Ailina Isac
gnewdicki0,pT1<,gnewdicki0@reverbnation.com,Gabrila Newdick
ezinii1,nR2!Msd,ezinii1@amazon.co.uk,Elvina Zini
bcastiglionii2,"eN6""(I?",bcastiglionii2@pcworld.com,Berton Castiglioni
kpontoni3,pC2%zk,kpontoni3@parallels.com,Karia Ponton
bduxburyi4,kP4>,bduxburyi4@example.com,Beverie Duxbury
rmaceri5,gZ7/>KxW,rmaceri5@marketwatch.com,Rusty Macer
tdrysdalei6,pZ4@FN,tdrysdalei6@php.net,Ted Drysdale
mlomaxi7,mQ0.Xnj,mlomaxi7@yelp.com,Mohandis Lomax
ciacobonii8,wK1#f,ciacobonii8@webmd.com,Colby Iacoboni
jgallihaulki9,lS3#r,jgallihaulki9@smh.com.au,Janie Gallihaulk
madgeria,tZ8_a,madgeria@ihg.com,Max Adger
dswedelandib,"hQ5|,",dswedelandib@pcworld.com,Dorice Swedeland
kcallenic,jU2(1vs,kcallenic@nps.gov,Kerianne Callen
csaladinid,dT9)i$L,csaladinid@twitpic.com,Carling Saladin
kmchirrieie,kN2.fp\,kmchirrieie@businessinsider.com,Karyn M'Chirrie
hsugarmanif,nU7'8,hsugarmanif@addtoany.com,Hana Sugarman
eathowig,aQ8%,eathowig@example.com,Elisha Athow
lmarchantih,bU5|*At,lmarchantih@apache.org,Livy Marchant
awillsmoreii,sR0?~,awillsmoreii@admin.ch,Adham Willsmore
abartulij,vT0!,abartulij@soundcloud.com,Allard Bartul
cdieganik,aK5=3vQH,cdieganik@about.com,Carrol Diegan
ccouchil,pE1\`L,ccouchil@biblegateway.com,Chicky Couch
cfitchetim,oJ9/,cfitchetim@slashdot.org,Chance Fitchet
tletcherin,"zD4@3,E",tletcherin@jugem.jp,Thia Letcher
vboickio,vQ4%,vboickio@intel.com,Valida Boick
ghallittip,aU8@,ghallittip@cdc.gov,Gillie Hallitt
ydanilewicziq,oC2%&,ydanilewicziq@seesaa.net,Yvonne Danilewicz
mfernsir,yY2|r,mfernsir@yahoo.com,Melonie Ferns
ebeaglesis,"mB6""",ebeaglesis@hhs.gov,Eziechiele Beagles
felsburyit,tS5)H,felsburyit@mozilla.com,Frederico Elsbury
odubarryiu,bC6_0I,odubarryiu@issuu.com,Oberon Dubarry
sfosheriv,gH6(5FX,sfosheriv@huffingtonpost.com,Sandie Fosher
nrushiw,dB9?IL,nrushiw@pcworld.com,Newton Rush
hnusseyix,tJ1*R~f,hnusseyix@sbwire.com,Harold Nussey
rcheeversiy,jI9%G,rcheeversiy@vkontakte.ru,Rex Cheevers
felsmoreiz,rM1=?,felsmoreiz@blogs.com,Flory Elsmore
jattwoodj0,vM2|UJCs,jattwoodj0@newsvine.com,Joel Attwood
bfonzoj1,lH1>JvI,bfonzoj1@samsung.com,Briggs Fonzo
dscholzj2,pY3+HV{,dscholzj2@mysql.com,Dona Scholz
ghatonj3,vH7_CKK,ghatonj3@about.com,Graig Haton
escrannagej4,qE2!#!rO,escrannagej4@youtu.be,Estel Scrannage
jgellibrandj5,gX7<CH,jgellibrandj5@ca.gov,Jabez Gellibrand
rhyronsj6,kZ0.'Nd,rhyronsj6@i2i.jp,Rania Hyrons
lmaryskaj7,"zA3""",lmaryskaj7@weather.com,Laurens Maryska
gladewigj8,eK1{,gladewigj8@w3.org,Guillemette Ladewig
amcmeekinj9,sN7#E!m,amcmeekinj9@china.com.cn,Alidia McMeekin
bleaverja,pI1|y=,bleaverja@unesco.org,Brynne Leaver
fwoottonjb,jJ8%Eg,fwoottonjb@foxnews.com,Freddy Wootton
gknockerjc,qW9{,gknockerjc@sciencedirect.com,Gael Knocker
dpalombijd,dH6)TA4,dpalombijd@technorati.com,Doretta Palombi
vbackesje,kN2_,vbackesje@hexun.com,Vallie Backes
egongjf,fX0{vJ,egongjf@google.fr,Edmund Gong
hbythelljg,nG0#s,hbythelljg@scribd.com,Hadleigh Bythell
pgillespiejh,fR7_4x,pgillespiejh@phoca.cz,Patrice Gillespie
dandrolettiji,bR5$.J9,dandrolettiji@ted.com,Dal Androletti
rogilviejj,vI6{,rogilviejj@acquirethisname.com,Randie Ogilvie
gdoornbosjk,lJ0`a8,gdoornbosjk@i2i.jp,Gilbertina Doornbos
dheselwoodjl,fZ4_=@@,dheselwoodjl@chron.com,Darby Heselwood
yrobrosejm,gG6?q%#,yrobrosejm@nhs.uk,Yul Robrose
shyettjn,pP8`w=,shyettjn@geocities.com,Sancho Hyett
ndockerjo,bN2@oo},ndockerjo@plala.or.jp,Nate Docker
rtroyjp,lS2/,rtroyjp@cloudflare.com,Reynard Troy
mharbottlejq,dR2*,mharbottlejq@omniture.com,Marten Harbottle
kseniorjr,bE5>2Jv9,kseniorjr@zdnet.com,Kris Senior
rmazzillijs,"rV3/?k""m",rmazzillijs@discuz.net,Roderich Mazzilli
sadolfsonjt,wJ1%,sadolfsonjt@exblog.jp,Sibley Adolfson
nlammingju,eF9$@M$,nlammingju@gizmodo.com,Nev Lamming
jtorettajv,dA6!\<k,jtorettajv@indiegogo.com,Jewell Toretta
hritmeierjw,iS5__X),hritmeierjw@patch.com,Hannah Ritmeier
oangerjx,pL3{&`9T,oangerjx@friendfeed.com,Oby Anger
rdoretjy,vI4}9ICY,rdoretjy@bloglovin.com,Randolph Doret
nwicksjz,hS1?q<>?,nwicksjz@t-online.de,Noell Wicks
cgoliglyk0,rR7&Y0,cgoliglyk0@naver.com,Caitlin Goligly
lstorrork1,xT8>hW,lstorrork1@cnet.com,Leonhard Storror
rraatzk2,kB7%D?!V,rraatzk2@hugedomains.com,Remus Raatz
bjohantgesk3,aU8`\j/P,bjohantgesk3@ed.gov,Bab Johantges
sdeverellk4,dO4#f`,sdeverellk4@noaa.gov,Shaine Deverell
shizirk5,mF8&,shizirk5@topsy.com,Shirl Hizir
kmorgank6,lA5#5Oh,kmorgank6@deviantart.com,Kalindi Morgan
ddomenichellik7,gD4.F)i,ddomenichellik7@unblog.fr,Dorice Domenichelli
mbenamk8,jB4'1p,mbenamk8@example.com,Milo Benam
fpalmark9,tR3\qNf,fpalmark9@dedecms.com,Filippo Palmar
daherneka,vU2=,daherneka@ihg.com,Davina Aherne
smcentegartkb,aB8#)k#=,smcentegartkb@devhub.com,Shirl McEntegart
probioukc,fJ6_B,probioukc@vk.com,Pet Robiou
spleasskd,"bK5=""973",spleasskd@wikipedia.org,Sena Pleass
mgingellke,cK9\u\,mgingellke@360.cn,Morgen Gingell
astrephankf,yK5!B9*b,astrephankf@unc.edu,Anette Strephan
jizakovitzkg,yE0{q.,jizakovitzkg@skyrock.com,Jessee Izakovitz
rolivellokh,pC9$$~,rolivellokh@statcounter.com,Robinet Olivello
cfildeki,bV6)8\H,cfildeki@multiply.com,Chuck Filde
tblackleykj,"oL8#s*,",tblackleykj@bluehost.com,Tobiah Blackley
tcodykk,"oH5~""l|",tcodykk@biblegateway.com,Tilly Cody
nwollacottkl,gG8'qI@,nwollacottkl@about.com,Nydia Wollacott
sgerrietskm,gI4(c},sgerrietskm@biblegateway.com,Stacee Gerriets
ovasickn,sJ9#,ovasickn@ihg.com,Odo Vasic
fmcalpineko,"dW0""I",fmcalpineko@domainmarket.com,Felice McAlpine
lbuxceykp,qD1+`,lbuxceykp@state.gov,Leticia Buxcey
lgoveykq,zU9)JxQi,lgoveykq@hc360.com,Lodovico Govey
ffirmankr,cI3%~m,ffirmankr@psu.edu,Fredrick Firman
bbernardiniks,qM3.),bbernardiniks@state.tx.us,Berti Bernardini
dpretorkt,oP7/Tc,dpretorkt@ted.com,Dionne Pretor
nnisetku,eX4%N}WV,nnisetku@w3.org,Nobe Niset
ncolliholekv,hB9@,ncolliholekv@usnews.com,Norbert Collihole
cdinsmorekw,zA9~,cdinsmorekw@google.nl,Cassie Dinsmore
dollerheadkx,wU2|/#+L,dollerheadkx@about.me,Dorelia Ollerhead
gskedgellky,"wN4,",gskedgellky@google.com,Gideon Skedgell
wcourtkz,bU6!,wcourtkz@wp.com,Weston Court
cgriffenl0,xY1>#{?,cgriffenl0@disqus.com,Catharina Griffen
asmalll1,dN8%C=,asmalll1@google.cn,Alejandro Small
jzouchl2,kZ0/Hme,jzouchl2@soup.io,Josey Zouch
hellardl3,oT8#/,hellardl3@spiegel.de,Hinze Ellard
npicl4,nA4~PVD\,npicl4@github.com,Ninette Pic
tbreslanel5,"gT4,rWq",tbreslanel5@sphinn.com,Tabatha Breslane
rlethbridgel6,vD4?j,rlethbridgel6@bluehost.com,Rachelle Lethbridge
hfiddymontl7,vP7$=C@,hfiddymontl7@virginia.edu,Heda Fiddymont
mmirfinl8,vY4}r8!F,mmirfinl8@tinypic.com,Mikael Mirfin
swardlawl9,kC6+K,swardlawl9@newyorker.com,Sibyl Wardlaw
pemmisonla,iV6_<+l$,pemmisonla@bbc.co.uk,Pincas Emmison
jrhymeslb,yP9|e6_a,jrhymeslb@marketwatch.com,Jesselyn Rhymes
vmurdochlc,fY8%)Wu,vmurdochlc@prweb.com,Van Murdoch
aterrellyld,sJ9|,aterrellyld@e-recht24.de,Andrej Terrelly
ccastelluzzile,kP1/p/,ccastelluzzile@unicef.org,Corette Castelluzzi
dalekhovlf,tM7}lebJ,dalekhovlf@sciencedaily.com,Dimitri Alekhov
hwhaleylg,bZ4$,hwhaleylg@about.com,Holden Whaley
tfawcettlh,bN8*Q,tfawcettlh@ezinearticles.com,Thomasina Fawcett
zlilesli,kS0}E~U,zlilesli@admin.ch,Zuzana Liles
ddenricolj,eL8),ddenricolj@mozilla.org,Delmore D'Enrico
swheelerlk,"oD1%""i\/",swheelerlk@storify.com,Selina Wheeler
mfendll,kU6<9}g,mfendll@flickr.com,Myrle Fend
mspratleylm,pZ3)#,mspratleylm@cdc.gov,Mariana Spratley
fheepsln,cU2|b1)9,fheepsln@oracle.com,Felicia Heeps
gcolquitlo,dB0_7FS,gcolquitlo@globo.com,Gualterio Colquit
bdellabbatelp,sG3*!ZN,bdellabbatelp@omniture.com,Bordy Dell'Abbate
jfaranslq,cQ8(,jfaranslq@dmoz.org,John Farans
kkampshelllr,hP6>}O=2,kkampshelllr@go.com,Karena Kampshell
elummasanals,kJ8`a17,elummasanals@devhub.com,Emelen Lummasana
mmitchenerlt,wD8}Z},mmitchenerlt@1und1.de,My Mitchener
vwinklu,wW8+tk,vwinklu@admin.ch,Vivi Wink
omaskreylv,qG4(a,omaskreylv@twitpic.com,Otho Maskrey
sshortalllw,mZ7)P*EO,sshortalllw@youtube.com,Serene Shortall
pcriselllx,cR1|,pcriselllx@oakley.com,Peri Crisell
mkobpally,cM9`Ia,mkobpally@odnoklassniki.ru,Maxwell Kobpal
sdoubravalz,eS4}9,sdoubravalz@foxnews.com,Shawnee Doubrava
smattusevichm0,nQ7/aW,smattusevichm0@liveinternet.ru,Sim Mattusevich
amarietonm1,lX2.dP,amarietonm1@mtv.com,Annabella Marieton
nbernardonm2,kN5'bf,nbernardonm2@webeden.co.uk,Noam Bernardon
kridelm3,bB5#.dPj,kridelm3@google.com.br,Karl Ridel
jzanicchim4,dJ0#&,jzanicchim4@blog.com,Jemmy Zanicchi
awellardm5,aL1!=,awellardm5@rakuten.co.jp,Angel Wellard
slarmuthm6,"eF4!ul,p",slarmuthm6@economist.com,Sydelle Larmuth
isandcroftm7,"fV0(,~k",isandcroftm7@google.it,Ignacio Sandcroft
pjoninm8,sO2.,pjoninm8@desdev.cn,Paule Jonin
aringwoodm9,rU5{}*yH,aringwoodm9@printfriendly.com,Ardis Ringwood
sspargoma,mE7#,sspargoma@cornell.edu,Shelli Spargo
hcheinemb,iA2$P%XS,hcheinemb@hp.com,Hollie Cheine
dbycraftmc,bP4<,dbycraftmc@elpais.com,Davis Bycraft
lmckewmd,tY6+n,lmckewmd@archive.org,Lyndsie McKew
ecardenosame,"fO7,Ex&",ecardenosame@hibu.com,Ewart Cardenosa
mnorthmf,wQ4~B~,mnorthmf@usa.gov,Maura North
fthameltmg,sJ9/6_,fthameltmg@etsy.com,Farand Thamelt
bstearsmh,"cW7""T?mx",bstearsmh@google.com.au,Brigitta Stears
aspiviemi,pY3+$Uv.,aspiviemi@tumblr.com,Ashla Spivie
slippettmj,iK8={,slippettmj@eventbrite.com,Sella Lippett
djimmesmk,yD4`A,djimmesmk@photobucket.com,Dory Jimmes
eitzhakml,yD5',eitzhakml@springer.com,Eli Itzhak
jmcgregormm,bD4_1g,jmcgregormm@yellowpages.com,Jonis McGregor
csienemn,gX1>_,csienemn@usnews.com,Caryn Siene
mkalemo,hB1}0A,mkalemo@trellian.com,Mickie Kale
abroomermp,aI1|6hj<,abroomermp@1und1.de,Augustus Broomer
dhabbalmq,nB2)0e*R,dhabbalmq@etsy.com,Donnie Habbal
wfratsonmr,kJ4/,wfratsonmr@smugmug.com,Wyn Fratson
dcoronadoms,lR4!B\,dcoronadoms@ovh.net,Douglass Coronado
dhaineymt,sB9{$2,dhaineymt@google.com.br,Dorice Hainey`
jsesonsmu,fM7)Bj,jsesonsmu@feedburner.com,Josie Sesons
rbaxstairmv,gQ7$pJ,rbaxstairmv@bloglovin.com,Russ Baxstair
aboigmw,gK3'e,aboigmw@nationalgeographic.com,Ardyth Boig
rkosmx,eH5%8>,rkosmx@dailymotion.com,Rodney Kos
bwipflermy,"hZ7""pm",bwipflermy@admin.ch,Brent Wipfler
pjonssonmz,lJ1%Cdv,pjonssonmz@tinypic.com,Perle Jonsson
lgillsonn0,"tM7(,V",lgillsonn0@statcounter.com,Lothaire Gillson
ngunsonn1,eY6'kXM1,ngunsonn1@latimes.com,Noell Gunson
rphinnessyn2,dI9?,rphinnessyn2@washington.edu,Rubetta Phinnessy
ssmorthitn3,gT4|i,ssmorthitn3@nasa.gov,Sabine Smorthit
gcarillon4,"bP5""#Eh",gcarillon4@aboutads.info,Gerladina Carillo
btolputtn5,hV8(W,btolputtn5@prnewswire.com,Benson Tolputt
gsydenhamn6,dQ3.X,gsydenhamn6@naver.com,Gav Sydenham
jpeddenn7,lF0'5Wj,jpeddenn7@jugem.jp,Jimmie Pedden
crapkinsn8,gN2@}0,crapkinsn8@cnet.com,Calhoun Rapkins
lsenechelln9,iA5{h,lsenechelln9@hhs.gov,Lorant Senechell
mbunclarkna,nD3%,mbunclarkna@dyndns.org,Margot Bunclark
bwolfendellnb,hO2!'BrM,bwolfendellnb@printfriendly.com,Brit Wolfendell
ghaythornnc,jQ4$FX,ghaythornnc@cisco.com,Gregory Haythorn
cdimmacknd,zD2)il}W,cdimmacknd@discovery.com,Cornie Dimmack
rmollittne,"nC7,0p=",rmollittne@yelp.com,Reece Mollitt
rquaifenf,fE1@ie>},rquaifenf@vinaora.com,Reiko Quaife
dbraunleng,"cI1,N",dbraunleng@mlb.com,Dionysus Braunle
mchristofornh,rA7*E6,mchristofornh@admin.ch,Merna Christofor
jleatherbarrowni,sX3>AFF.,jleatherbarrowni@ezinearticles.com,Jonathon Leatherbarrow
hstreeternj,"sX4""",hstreeternj@usda.gov,Hilly Streeter
ffeethamnk,"pQ1,Er",ffeethamnk@yelp.com,Florian Feetham
agooldingnl,yB0(qlMb,agooldingnl@blogs.com,Amery Goolding
akalewenm,wR5~A,akalewenm@wired.com,Arty Kalewe
bgriffithenn,cN0&,bgriffithenn@webnode.com,Bartolemo Griffithe
nlenihanno,dO7$m,nlenihanno@google.nl,Nehemiah Lenihan
cmorseynp,"bY8""",cmorseynp@php.net,Cobby Morsey
mdewernq,bV9`whZ,mdewernq@indiegogo.com,Mersey Dewer
bdedneynr,cM8%$M>,bdedneynr@wikispaces.com,Bernardo Dedney
ftrenholmens,"lN8,BDc",ftrenholmens@omniture.com,Florie Trenholme
acamiernt,pL2*(},acamiernt@phpbb.com,Augustine Camier
atibolsnu,mJ6$tx>u,atibolsnu@360.cn,Andre Tibols
ldorneynv,yO6.Pf,ldorneynv@netscape.com,Lavina Dorney
ldurbinnw,yR1_FJ,ldurbinnw@dot.gov,Lonny Durbin
ctertrenx,gQ9+,ctertrenx@patch.com,Charmine Tertre
cargonttny,pF3%2ps,cargonttny@skype.com,Clareta Argontt
msudworthnz,fD3'H,msudworthnz@php.net,Marian Sudworth
hnecrewso0,pC2+VJt4,hnecrewso0@sphinn.com,Humfrey Necrews
kbaddileyo1,wT6%jqzX,kbaddileyo1@foxnews.com,Katie Baddiley
lbambero2,oC8%X4,lbambero2@boston.com,Lynette Bamber
uelderedo3,uC9{M\,uelderedo3@123-reg.co.uk,Urban Eldered
bharteleyo4,rW3~,bharteleyo4@smh.com.au,Bellanca Harteley
ncorstorphineo5,xZ8.V,ncorstorphineo5@comcast.net,Nicolea Corstorphine
ghexhamo6,fH5+!I,ghexhamo6@senate.gov,Graeme Hexham
omilleo7,cE6=R,omilleo7@cnn.com,Odey Mille
mbreenso8,sR2/,mbreenso8@vkontakte.ru,Meridel Breens
bfroggatto9,aK9',bfroggatto9@cbc.ca,Bil Froggatt
vwhittyoa,oU4}ru,vwhittyoa@ask.com,Valerye Whitty
vborgob,fN2.>EA,vborgob@tripod.com,Vivia Borg
akitchinghamoc,eG0!*T8,akitchinghamoc@reddit.com,Adella Kitchingham
opouckod,"bA0=""bG",opouckod@europa.eu,Ondrea Pouck
rlambersenoe,uH5*G+,rlambersenoe@ehow.com,Rosalyn Lambersen
cskryneof,yB2>,cskryneof@google.com.br,Cello Skryne
mallworthyog,kV4_gk,mallworthyog@ezinearticles.com,Melisande Allworthy
drotteroh,cW2}R,drotteroh@ow.ly,Dannie Rotter
dahreniusoi,"sX4,?",dahreniusoi@blogtalkradio.com,Dalis Ahrenius
gdeoj,aG7/,gdeoj@sohu.com,Gabriello De Vries
cnazairok,gT2=4,cnazairok@indiatimes.com,Corri Nazair
fcaunceol,iF4{,fcaunceol@uiuc.edu,Flossy Caunce
amcgenisom,sL5#z',amcgenisom@phpbb.com,Aggie McGenis
jmcgaraghanon,"gW8"",""pI",jmcgaraghanon@jalbum.net,Jocelyne McGaraghan
wwillansoo,kW6%r,wwillansoo@npr.org,Wally Willans
failsburyop,tV2`pY+z,failsburyop@disqus.com,Franny Ailsbury
vcandieoq,nQ3{fYf,vcandieoq@google.co.uk,Vittorio Candie
bswindlehurstor,lQ7+He,bswindlehurstor@wordpress.org,Bud Swindlehurst
brobkeros,"zD6),W",brobkeros@scientificamerican.com,Byran Robker
aconersot,fP0}x,aconersot@exblog.jp,Ashley Coners
agowmanou,hQ3~,agowmanou@cbslocal.com,Arin Gowman
kroosov,"vM7`w,",kroosov@deviantart.com,Kaylee Roos
kskillernow,lR4>Eg|,kskillernow@example.com,Katusha Skillern
kturvieox,"qJ4|,",kturvieox@indiegogo.com,Kimberlyn Turvie
ihacketoy,oY6`uXr,ihacketoy@arizona.edu,Issiah Hacket
louveroz,eH6_9>)(,louveroz@desdev.cn,Laurie Ouver
gshaklep0,kR6__1,gshaklep0@techcrunch.com,Gerry Shakle
ccromep1,zE0?hT,ccromep1@alexa.com,Cly Crome
olyesp2,oO4@fiv,olyesp2@usnews.com,Otto Lyes
khaugenp3,uY0!=,khaugenp3@walmart.com,Kattie Haugen
trimmerp4,lV4_`#,trimmerp4@printfriendly.com,Taddeusz Rimmer
epilleyp5,gQ7?NT,epilleyp5@quantcast.com,Elsworth Pilley
ekadwalliderp6,"pF9#%""",ekadwalliderp6@businesswire.com,Erinna Kadwallider
lcorintonp7,"bE4?t""1J",lcorintonp7@whitehouse.gov,Levon Corinton
abelseyp8,"sT3,",abelseyp8@cocolog-nifty.com,Allyn Belsey
yfruchterp9,pK5'NQZ,yfruchterp9@theglobeandmail.com,Yolanda Fruchter
ljaulmepa,dZ0@cO'D,ljaulmepa@ow.ly,Lowe Jaulme
rchatelpb,kG9)52,rchatelpb@google.es,Rich Chatel
spetchepc,iQ4(9Hy,spetchepc@weibo.com,Sauncho Petche
aphilippetpd,fP5}NtH,aphilippetpd@smh.com.au,Ansley Philippet
bcatope,pF2$H,bcatope@epa.gov,Beilul Cato
dstainpf,wR1)OJ,dstainpf@weebly.com,Dona Stain
sbutterispg,qY9.,sbutterispg@hao123.com,Sabra Butteris
mbevesph,mI8|59.,mbevesph@nasa.gov,Mellicent Beves
dmacnamarapi,bW3_fr,dmacnamarapi@spotify.com,Doroteya MacNamara
nsmithepj,uV6/,nsmithepj@usa.gov,Noni Smithe
ecovingtonpk,kX4\P,ecovingtonpk@army.mil,Erich Covington
nbaythroppl,jG7/'k7,nbaythroppl@spiegel.de,Niles Baythrop
wmowdaypm,xA1/M/,wmowdaypm@tuttocitta.it,Wolfgang Mowday
lhaytopn,aQ2`,lhaytopn@dmoz.org,Leeland Hayto
luzellipo,cN3#X_?P,luzellipo@craigslist.org,Liane Uzelli
etrobepp,bJ1>,etrobepp@cbslocal.com,Eba Trobe
araybouldpq,"cP2!""{Ob",araybouldpq@slate.com,Aveline Raybould
caingelpr,nD0=bx,caingelpr@example.com,Chickie Aingel
sgirtinps,qR0?,sgirtinps@de.vu,Shep Girtin
aluckpt,dZ9|!K',aluckpt@dagondesign.com,Ame Luck
peadypu,nG7$UO,peadypu@elegantthemes.com,Palm Eady
kaguirrezabalpv,sY1*F,kaguirrezabalpv@businessweek.com,Kettie Aguirrezabal
mproudlovepw,aZ3~t,mproudlovepw@cafepress.com,Myrta Proudlove
lblosepx,gU4@r,lblosepx@youtu.be,Leslie Blose
opadkinpy,xI9#S),opadkinpy@phpbb.com,Ortensia Padkin
lsouzapz,oQ0=E,lsouzapz@merriam-webster.com,Lindie Souza
hcaneq0,yQ9'mO,hcaneq0@sciencedaily.com,Hollyanne Cane
lhuorticq1,bA4!dT,lhuorticq1@github.io,Laraine Huortic
kfosdickq2,pU9##=|H,kfosdickq2@twitpic.com,Katharine Fosdick
bflayq3,bB6}t2UN,bflayq3@census.gov,Brewer Flay
vguitonq4,gD9*|/G,vguitonq4@drupal.org,Vivian Guiton
mogelsbyq5,gR3@eyN,mogelsbyq5@wired.com,Marijn Ogelsby
lambrusq6,wE2+9{xm,lambrusq6@youtube.com,Lemar Ambrus
pkarpenkoq7,"eS3,At)7",pkarpenkoq7@csmonitor.com,Pietra Karpenko
cmaunderq8,hZ5),cmaunderq8@flavors.me,Conchita Maunder
mbrunelq9,jM9*p,mbrunelq9@liveinternet.ru,Magdalen Brunel
fjoulqa,gP4/QTB,fjoulqa@abc.net.au,Farris Joul
cdolesqb,bX8{|0,cdolesqb@ask.com,Corena Doles
jlilieqc,rA0**,jlilieqc@wikipedia.org,Jorey Lilie
bknaptonqd,fC3`#,bknaptonqd@goo.gl,Benedict Knapton
kcurtinqe,eX3<Jrb3,kcurtinqe@blinklist.com,Kynthia Curtin
lmccurdyqf,"eQ8{`,M",lmccurdyqf@toplist.cz,Lurlene McCurdy
oholthamqg,qI9$4WZ(,oholthamqg@github.com,Otis Holtham
zsneydqh,vA3&rg~N,zsneydqh@chronoengine.com,Zora Sneyd
ahynesqi,oY4.k,ahynesqi@godaddy.com,Alexandrina Hynes
tpohlsqj,sI1&6n,tpohlsqj@latimes.com,Tulley Pohls
bduqk,oC8%,bduqk@pbs.org,Berny Du Hamel
hbrockingtonql,lK6+T}T,hbrockingtonql@reuters.com,Harland Brockington
rdoidgeqm,"wU5/,MF{",rdoidgeqm@clickbank.net,Royal Doidge
ckyteleyqn,uT4_mF?,ckyteleyqn@google.ru,Cyndia Kyteley
dbunworthqo,lP6*jTLQ,dbunworthqo@upenn.edu,Denyse Bunworth
mlarsenqp,vC7(I/,mlarsenqp@spiegel.de,Melamie Larsen
jseebertqq,vJ1!`c6,jseebertqq@ameblo.jp,Javier Seebert
vpervoeqr,aG2.WO,vpervoeqr@elegantthemes.com,Vincenty Pervoe
mbanbridgeqs,tR5=.wXR,mbanbridgeqs@house.gov,Manon Banbridge
hhusbandsqt,lR3)#S2,hhusbandsqt@home.pl,Hilarius Husbands
jceriequ,cQ2_,jceriequ@networksolutions.com,Jody Cerie
bkimmittqv,vY9(*/Ut,bkimmittqv@epa.gov,Barrie Kimmitt
omothersdaleqw,bO7$}Wh,omothersdaleqw@digg.com,Opalina Mothersdale
fscarrqx,sO2!lem,fscarrqx@cargocollective.com,Farr Scarr
apauncefortqy,fI8%UWY,apauncefortqy@networksolutions.com,Alla Pauncefort
agotthardsfqz,iW0*9!,agotthardsfqz@walmart.com,Ambros Gotthard.sf
egurnellr0,aB5<X,egurnellr0@abc.net.au,Esme Gurnell
bcreginr1,wG6>/A*E,bcreginr1@spotify.com,Binni Cregin
cangrockr2,oC4+),cangrockr2@skype.com,Cammie Angrock
bbartosiakr3,"oA7\,V",bbartosiakr3@nationalgeographic.com,Bradly Bartosiak
edefrainer4,lO5@a,edefrainer4@vk.com,Ezechiel Defraine
rcottrellr5,pC5_d,rcottrellr5@mac.com,Robbi Cottrell
dwittr6,oZ5?%X,dwittr6@aol.com,De witt Masedon
lsiddonr7,lF8&d,lsiddonr7@nydailynews.com,Lethia Siddon
ahenrichsenr8,hP0?,ahenrichsenr8@addthis.com,Anders Henrichsen
jfrankesr9,mB7&{Uv2,jfrankesr9@indiegogo.com,Joanna Frankes
jonslowra,oR0{,jonslowra@google.pl,Jamie Onslow
cpaulitschkerb,cT5)XFc,cpaulitschkerb@hostgator.com,Collin Paulitschke
cklementrc,xC9/Fx,cklementrc@wikipedia.org,Carlyn Klement
staffierd,sZ9*V,staffierd@printfriendly.com,Shalna Taffie
flabonre,xM5|,flabonre@mediafire.com,Ferdie Labon
mechallierrf,aL0|<W/,mechallierrf@desdev.cn,Maris Echallier
mbyllamrg,dV5@5,mbyllamrg@studiopress.com,Moe Byllam
sgoozeerh,vT2/O,sgoozeerh@lycos.com,Spense Goozee
ksmallacomberi,kV2#&zg,ksmallacomberi@alibaba.com,Kiri Smallacombe
cmatczakrj,"iM3""e,",cmatczakrj@ovh.net,Christalle Matczak
jdowdrk,xW0}UE,jdowdrk@mozilla.com,Jobi Dowd
dsweetenrl,xL4$%,dsweetenrl@yale.edu,Denyse Sweeten
kkinchrm,sM8`,kkinchrm@pbs.org,Kendre Kinch
lstaningrn,"fF4}*&,Z",lstaningrn@biblegateway.com,Loralee Staning
ftregianro,sP9#!TO$,ftregianro@bloglines.com,Fidel Tregian
eartisrp,pZ5_w_!>,eartisrp@yandex.ru,Erv Artis
crathbournerq,gG1|Aj8P,crathbournerq@tmall.com,Christel Rathbourne
hhelbeckrr,oA5<`=Ee,hhelbeckrr@yellowpages.com,Hermine Helbeck
